{"cameraMode":{"drawMode":0,"name":"Shaded","section":"Shading Mode"},"sceneLighting":true,"audioPlay":false,"sceneViewState":{"showFog":true,"showMaterialUpdate":false,"showSkybox":true,"showFlares":true,"showImageEffects":true,"showParticleSystems":true},"in2DMode":false,"pivot":{"x":1.8741400241851807,"y":1.290968418121338,"z":0.2729051113128662},"rotation":{"x":0.17751672863960267,"y":-0.29037922620773318,"z":0.054906729608774188,"w":0.9387105703353882},"size":3.0871658325195314,"orthographic":false}