{"cameraMode":{"drawMode":0,"name":"Shaded","section":"Shading Mode"},"sceneLighting":true,"audioPlay":false,"sceneViewState":{"showFog":true,"showMaterialUpdate":false,"showSkybox":true,"showFlares":true,"showImageEffects":true,"showParticleSystems":true},"in2DMode":false,"pivot":{"x":-4.83996057510376,"y":0.6692276000976563,"z":0.7329444885253906},"rotation":{"x":0.44163838028907778,"y":-0.05646061152219772,"z":0.027857985347509385,"w":0.8949907422065735},"size":6.081721305847168,"orthographic":false}