{"cameraMode":{"drawMode":0,"name":"Shaded","section":"Shading Mode"},"sceneLighting":true,"audioPlay":false,"sceneViewState":{"showFog":true,"showMaterialUpdate":false,"showSkybox":true,"showFlares":true,"showImageEffects":true,"showParticleSystems":true},"in2DMode":false,"pivot":{"x":-1.3113322257995606,"y":4.699126243591309,"z":1.0905261039733887},"rotation":{"x":-0.0029333531856536867,"y":-0.99395751953125,"z":0.10625854879617691,"w":-0.02744247391819954},"size":9.299385070800782,"orthographic":false}