{"cameraMode":{"drawMode":0,"name":"Shaded","section":"Shading Mode"},"sceneLighting":true,"audioPlay":false,"sceneViewState":{"showFog":true,"showMaterialUpdate":false,"showSkybox":true,"showFlares":true,"showImageEffects":true,"showParticleSystems":true},"in2DMode":false,"pivot":{"x":2.712800979614258,"y":2.2871549129486086,"z":-0.6305972337722778},"rotation":{"x":0.28135597705841067,"y":-0.23996978998184205,"z":0.07289096713066101,"w":0.9262582659721375},"size":2.9711432456970217,"orthographic":false}