{"cameraMode":{"drawMode":0,"name":"Shaded","section":"Shading Mode"},"sceneLighting":false,"audioPlay":false,"sceneViewState":{"showFog":true,"showMaterialUpdate":false,"showSkybox":false,"showFlares":true,"showImageEffects":true,"showParticleSystems":true},"in2DMode":false,"pivot":{"x":-1.5470352172851563,"y":-1.0798749923706055,"z":0.1706523895263672},"rotation":{"x":-0.03787853941321373,"y":-0.9518373608589172,"z":0.2745387554168701,"w":-0.1312974989414215},"size":22.0,"orthographic":false}