{"cameraMode":{"drawMode":0,"name":"Shaded","section":"Shading Mode"},"sceneLighting":true,"audioPlay":false,"sceneViewState":{"showFog":true,"showMaterialUpdate":false,"showSkybox":true,"showFlares":true,"showImageEffects":true,"showParticleSystems":true},"in2DMode":false,"pivot":{"x":-1.4186558723449708,"y":-12.771071434020996,"z":6.354730606079102},"rotation":{"x":0.5250956416130066,"y":-0.11236702650785446,"z":0.07018665969371796,"w":0.8406940698623657},"size":15.64677906036377,"orthographic":false}