{"cameraMode":{"drawMode":0,"name":"Shaded","section":"Shading Mode"},"sceneLighting":true,"audioPlay":false,"sceneViewState":{"showFog":true,"showMaterialUpdate":false,"showSkybox":true,"showFlares":true,"showImageEffects":true,"showParticleSystems":true},"in2DMode":false,"pivot":{"x":-7.822414398193359,"y":0.6395392417907715,"z":0.6547220945358276},"rotation":{"x":0.19766011834144593,"y":-0.5880950689315796,"z":0.15103773772716523,"w":0.7695972919464111},"size":4.680346965789795,"orthographic":false}