{"cameraMode":{"drawMode":0,"name":"Shaded","section":"Shading Mode"},"sceneLighting":true,"audioPlay":false,"sceneViewState":{"showFog":true,"showMaterialUpdate":false,"showSkybox":true,"showFlares":true,"showImageEffects":true,"showParticleSystems":true},"in2DMode":false,"pivot":{"x":35.417266845703128,"y":-282.4608459472656,"z":-104.4630126953125},"rotation":{"x":-0.16061437129974366,"y":-0.03198135271668434,"z":0.005207534413784742,"w":-0.9864884614944458},"size":733.29248046875,"orthographic":false}