{"cameraMode":{"drawMode":0,"name":"Shaded","section":"Shading Mode"},"sceneLighting":false,"audioPlay":false,"sceneViewState":{"showFog":true,"showMaterialUpdate":false,"showSkybox":false,"showFlares":true,"showImageEffects":true,"showParticleSystems":true},"in2DMode":false,"pivot":{"x":0.15122178196907044,"y":1.3075679540634156,"z":0.04515087604522705},"rotation":{"x":0.00039355349144898355,"y":-0.986137866973877,"z":0.1660405844449997,"w":0.0023895076010376217},"size":0.6452344655990601,"orthographic":false}