{"cameraMode":{"drawMode":0,"name":"Shaded","section":"Shading Mode"},"sceneLighting":true,"audioPlay":false,"sceneViewState":{"showFog":true,"showMaterialUpdate":false,"showSkybox":true,"showFlares":true,"showImageEffects":true,"showParticleSystems":true},"in2DMode":false,"pivot":{"x":0.3723948299884796,"y":1.0500000715255738,"z":1.0888630151748658},"rotation":{"x":-0.16061437129974366,"y":-0.03198135271668434,"z":0.005207534413784742,"w":-0.9864884614944458},"size":0.3555505871772766,"orthographic":false}