{"cameraMode":{"drawMode":0,"name":"Shaded","section":"Shading Mode"},"sceneLighting":true,"audioPlay":false,"sceneViewState":{"showFog":true,"showMaterialUpdate":false,"showSkybox":true,"showFlares":true,"showImageEffects":true,"showParticleSystems":true},"in2DMode":false,"pivot":{"x":1.7672746181488038,"y":0.29167383909225466,"z":0.9581490755081177},"rotation":{"x":0.025997204706072809,"y":-0.955503523349762,"z":0.28025883436203005,"w":0.08855636417865753},"size":3.1232926845550539,"orthographic":false}