{"cameraMode":{"drawMode":0,"name":"Shaded","section":"Shading Mode"},"sceneLighting":true,"audioPlay":false,"sceneViewState":{"showFog":true,"showMaterialUpdate":false,"showSkybox":true,"showFlares":true,"showImageEffects":true,"showParticleSystems":true},"in2DMode":false,"pivot":{"x":-3.9297220706939699,"y":5.3949127197265629,"z":-0.7524521350860596},"rotation":{"x":0.21994324028491975,"y":-0.6255149245262146,"z":0.1899988204240799,"w":0.7240686416625977},"size":0.3064432740211487,"orthographic":false}