{"cameraMode":{"drawMode":0,"name":"Shaded","section":"Shading Mode"},"sceneLighting":false,"audioPlay":false,"sceneViewState":{"showFog":true,"showMaterialUpdate":false,"showSkybox":false,"showFlares":true,"showImageEffects":true,"showParticleSystems":true},"in2DMode":false,"pivot":{"x":0.6843695044517517,"y":0.0,"z":-0.03158050775527954},"rotation":{"x":-0.17378845810890199,"y":0.2967653274536133,"z":-0.05501483380794525,"w":-0.9374086260795593},"size":4.083560943603516,"orthographic":false}