{"cameraMode":{"drawMode":0,"name":"Shaded","section":"Shading Mode"},"sceneLighting":false,"audioPlay":false,"sceneViewState":{"showFog":true,"showMaterialUpdate":false,"showSkybox":false,"showFlares":true,"showImageEffects":true,"showParticleSystems":true},"in2DMode":false,"pivot":{"x":-0.07555273920297623,"y":1.0147440433502198,"z":0.0841134786605835},"rotation":{"x":0.027273060753941537,"y":-0.9674510955810547,"z":0.22174254059791566,"w":0.11903446167707443},"size":1.8452343940734864,"orthographic":false}